OBJECTID,AiroID,Address,Postal_Cod,County,Date_of_Sa,Price,Not_Full_M,VAT_Exclus,PropertyTy,PropertyDe,ING_East,ING_North,Match_leve,Year,Month,Qtr,Quarter
64,61779,"64 MARLBOROUGH COURT, MARLBOROUGH ST, DUBLIN 1",Dublin 1,Dublin,20160107,232000,No,No,Second-Hand Dwelling house /Apartment,,316023.42,234887.86,XY,2016,1,Q1,Q1_2016
705,62628,"APT 511, TALBOT HALL, TALBOT ST",,Dublin,20160203,131000,No,No,Second-Hand Dwelling house /Apartment,,316198.38,234678.38,XY,2016,2,Q1,Q1_2016
845,62832,"151 IVY EXCHANGE, PARNELL ST, DUBLIN 1",Dublin 1,Dublin,20160210,205000,No,No,Second-Hand Dwelling house /Apartment,,315639,234889.88,XY,2016,2,Q1,Q1_2016
1345,63461,"54 TALBOT ST, DUBLIN 1, DUBLIN",Dublin 1,Dublin,20160220,287500,No,No,Second-Hand Dwelling house /Apartment,,316539.69,234843.55,XY,2016,2,Q1,Q1_2016
1391,63519,"225 BACHELORS WALK, DUBLIN 1, DUBLIN",Dublin 1,Dublin,20160223,181305,No,No,Second-Hand Dwelling house /Apartment,,315739.33,234380.7,XY,2016,2,Q1,Q1_2016
1460,63611,"247 Bachelor's Walk, Dublin 1",Dublin 1,Dublin,20160225,175000,No,No,Second-Hand Dwelling house /Apartment,,315739.33,234380.7,XY,2016,2,Q1,Q1_2016
1479,63635,"55 CUSTOM HALL, GARDINER ST, DUBLIN 1",Dublin 1,Dublin,20160225,167500,No,No,Second-Hand Dwelling house /Apartment,,316210.86,234906.18,XY,2016,2,Q1,Q1_2016
1589,63826,"178 PARNELL STREET, CITY OF DUBLIN",Dublin 1,Dublin,20160301,327000,No,No,Second-Hand Dwelling house /Apartment,,315627.97,234837.05,XY,2016,3,Q1,Q1_2016
1914,64287,"25 TRINITY SQ, TOWNSEND ST, DUBLIN 2",Dublin 2,Dublin,20160311,305000,No,No,Second-Hand Dwelling house /Apartment,,316737.48,234212.79,XY,2016,3,Q1,Q1_2016
2080,64515,"308 CUSTOM HOUSE HARBOUR, IFSC, DUBLIN 1",Dublin 1,Dublin,20160318,295000,No,No,Second-Hand Dwelling house /Apartment,,316797.69,234775.73,XY,2016,3,Q1,Q1_2016
2196,64675,"154 BACHELORS WALK, DUBLIN 1, DUBLIN",Dublin 1,Dublin,20160323,176000,No,No,Second-Hand Dwelling house /Apartment,,315845.25,234384.36,XY,2016,3,Q1,Q1_2016
2252,64740,"20 Talbot Hall, Riverbank, Swords",,Dublin,20160324,120000,No,No,Second-Hand Dwelling house /Apartment,,316198.38,234678.38,XY,2016,3,Q1,Q1_2016
2376,64911,"67 COLLEGE GATE, TOWNSEND ST, DUBLIN 2",Dublin 2,Dublin,20160331,185000,No,No,Second-Hand Dwelling house /Apartment,,316301,234263.86,XY,2016,3,Q1,Q1_2016
2519,65110,"1 CITY SQ, GLOUCESTER ST SOUTH, DUBLIN 2",Dublin 2,Dublin,20160407,193516,No,No,Second-Hand Dwelling house /Apartment,,316612.3,234282,XY,2016,4,Q2,Q2_2016
2522,65113,"10 CITY SQ, GLOUCESTER ST SOUTH, DUBLIN 2",Dublin 2,Dublin,20160407,193516,No,No,Second-Hand Dwelling house /Apartment,,316612.3,234282,XY,2016,4,Q2,Q2_2016
2525,65117,"11 CITY SQ, GLOUCESTER ST SOUTH, DUBLIN 2",Dublin 2,Dublin,20160407,193516,No,No,Second-Hand Dwelling house /Apartment,,316612.3,234282,XY,2016,4,Q2,Q2_2016
2528,65120,"12 CITY SQ, GLOUCESTER ST SOUTH, DUBLIN 2",Dublin 2,Dublin,20160407,193516,No,No,Second-Hand Dwelling house /Apartment,,316612.3,234282,XY,2016,4,Q2,Q2_2016
2529,65121,"13 CITY SQ, GLOUCESTER ST SOUTH, DUBLIN 2",Dublin 2,Dublin,20160407,260000,No,No,Second-Hand Dwelling house /Apartment,,316612.3,234282,XY,2016,4,Q2,Q2_2016
2531,65123,"15 CITY SQ, GLOUCESTER ST SOUTH, DUBLIN 2",Dublin 2,Dublin,20160407,193516,No,No,Second-Hand Dwelling house /Apartment,,316612.3,234282,XY,2016,4,Q2,Q2_2016
2532,65124,"16 CITY SQ, GLOUCESTER ST SOUTH, DUBLIN 2",Dublin 2,Dublin,20160407,193516,No,No,Second-Hand Dwelling house /Apartment,,316612.3,234282,XY,2016,4,Q2,Q2_2016
2534,65126,"17 CITY SQ, GLOUCESTER ST SOUTH, DUBLIN 2",Dublin 2,Dublin,20160407,193516,No,No,Second-Hand Dwelling house /Apartment,,316612.3,234282,XY,2016,4,Q2,Q2_2016
2535,65127,"18 CITY SQ, GLOUCESTER ST SOUTH, DUBLIN 2",Dublin 2,Dublin,20160407,260000,No,No,Second-Hand Dwelling house /Apartment,,316612.3,234282,XY,2016,4,Q2,Q2_2016
2539,65132,"2 CITY SQ, GLOUCESTER ST SOUTH, DUBLIN 2",Dublin 2,Dublin,20160407,193516,No,No,Second-Hand Dwelling house /Apartment,,316612.3,234282,XY,2016,4,Q2,Q2_2016
2540,65133,"20 CITY SQ, GLOUCESTER ST SOUTH, DUBLIN",Dublin 2,Dublin,20160407,193516,No,No,Second-Hand Dwelling house /Apartment,,316612.3,234282,XY,2016,4,Q2,Q2_2016
2542,65135,"21 CITY SQ, GLOUCESTER ST SOUTH, DUBLIN 2",Dublin 2,Dublin,20160407,193516,No,No,Second-Hand Dwelling house /Apartment,,316612.3,234282,XY,2016,4,Q2,Q2_2016
2546,65139,"22 CITY SQ, GLOUCESTER ST SOUTH, DUBLIN 2",Dublin 2,Dublin,20160407,193516,No,No,Second-Hand Dwelling house /Apartment,,316612.3,234282,XY,2016,4,Q2,Q2_2016
2548,65142,"23 CITY SQUARE, GLOUCESTER ST SOUTH, DUBLIN 2",Dublin 2,Dublin,20160407,260000,No,No,Second-Hand Dwelling house /Apartment,,316612.3,234282,XY,2016,4,Q2,Q2_2016
2550,65144,"24 CITY SQ, GLOUCESTER ST SOUTH, DUBLIN 2",Dublin 2,Dublin,20160407,260000,No,No,Second-Hand Dwelling house /Apartment,,316612.3,234282,XY,2016,4,Q2,Q2_2016
2552,65146,"25 CITY SQ, GLOUCESTER ST SOUTH, DUBLIN 2",Dublin 2,Dublin,20160407,260000,No,No,Second-Hand Dwelling house /Apartment,,316612.3,234282,XY,2016,4,Q2,Q2_2016
2553,65147,"26 CITY SQ, GLOUCESTER ST SOUTH, DUBLIN 2",Dublin 2,Dublin,20160407,260000,No,No,Second-Hand Dwelling house /Apartment,,316612.3,234282,XY,2016,4,Q2,Q2_2016
2556,65151,"27 CITY SQ, GLOUCESTER ST SOUTH, DUBLIN 2",Dublin 2,Dublin,20160407,260000,No,No,Second-Hand Dwelling house /Apartment,,316612.3,234282,XY,2016,4,Q2,Q2_2016
2558,65154,"3 CITY SQ, GLOUCESTER ST SOUTH, DUBLIN 2",Dublin 2,Dublin,20160407,193516,No,No,Second-Hand Dwelling house /Apartment,,316612.3,234282,XY,2016,4,Q2,Q2_2016
2568,65165,"5 CITY SQ, GLOUCESTER ST SOUTH, DUBLIN 2",Dublin 2,Dublin,20160407,193516,No,No,Second-Hand Dwelling house /Apartment,,316612.3,234282,XY,2016,4,Q2,Q2_2016
2573,65170,"6 CITY SQ, GLOUCESTER ST SOUTH, DUBLIN 2",Dublin 2,Dublin,20160407,193516,No,No,Second-Hand Dwelling house /Apartment,,316612.3,234282,XY,2016,4,Q2,Q2_2016
2576,65173,"7 CITY SQ, GLOUCESTER ST SOUTH, DUBLIN 2",Dublin 2,Dublin,20160407,193516,No,No,Second-Hand Dwelling house /Apartment,,316612.3,234282,XY,2016,4,Q2,Q2_2016
2579,65176,"8 CITY SQ, GLOUCESTER ST SOUTH, DUBLIN 2",Dublin 2,Dublin,20160407,260000,No,No,Second-Hand Dwelling house /Apartment,,316612.3,234282,XY,2016,4,Q2,Q2_2016
2705,65377,"113 BACHELOR'S WALK, DUBLIN 1",,Dublin,20160414,195000,No,No,Second-Hand Dwelling house /Apartment,,315784.25,234353.66,XY,2016,4,Q2,Q2_2016
2859,65580,"10, Aston Quay",Dublin 2,Dublin,20160420,314000,No,No,Second-Hand Dwelling house /Apartment,,315867.13,234285.65,XY,2016,4,Q2,Q2_2016
3145,65966,"327 IFSC, CUSTOM HOUSE HARBOUR, DUBLIN 1",Dublin 1,Dublin,20160429,315000,No,No,Second-Hand Dwelling house /Apartment,,316797.69,234775.73,XY,2016,4,Q2,Q2_2016
3226,66069,"99 HOOK HEAD, CUSTOM HOUSE HARBOUR, CUSTOM HOUSE QUAY DUBLIN 1",Dublin 1,Dublin,20160503,220000,No,No,Second-Hand Dwelling house /Apartment,,316819.97,234825.36,XY,2016,5,Q2,Q2_2016
3264,66116,"11 THE COBBLES, WELLINGTON QUAY, DUBLIN",Dublin 2,Dublin,20160505,245000,No,No,Second-Hand Dwelling house /Apartment,,315644.8,234211.9,XY,2016,5,Q2,Q2_2016
3284,66142,"44 TRINITY PLAZA, TARA ST, DUBLIN 2",Dublin 2,Dublin,20160505,203000,No,No,Second-Hand Dwelling house /Apartment,,316275.19,234227.13,XY,2016,5,Q2,Q2_2016
3323,66190,"28 COLLEGE GATE, TOWNSEND ST, DUBLIN 2",,Dublin,20160506,160000,No,No,Second-Hand Dwelling house /Apartment,,316301,234263.86,XY,2016,5,Q2,Q2_2016
3454,66372,"20 TRINITY PLAZA, TARA ST, DUBLIN 2",Dublin 2,Dublin,20160512,210000,No,No,Second-Hand Dwelling house /Apartment,,316275.19,234227.13,XY,2016,5,Q2,Q2_2016
3563,66534,"116 KINGS COURT, PARNELL ST, DUBLIN 1",Dublin 1,Dublin,20160517,216000,No,No,Second-Hand Dwelling house /Apartment,,315515.44,234717.22,XY,2016,5,Q2,Q2_2016
3850,66942,"257 BACHELORS WALK, DUBLIN 1, DUBLIN",Dublin 1,Dublin,20160526,182000,No,No,Second-Hand Dwelling house /Apartment,,315739.33,234380.7,XY,2016,5,Q2,Q2_2016
4016,67191,"85 TRINITY SQUARE, TOWNSEND STREET, DUBLIN 2",,Dublin,20160531,160000,No,No,Second-Hand Dwelling house /Apartment,,316737.48,234212.79,XY,2016,5,Q2,Q2_2016
4193,67448,"16 CREIGHTON ST, CITY QUAY, DUBLIN 2",Dublin 2,Dublin,20160608,460000,No,No,Second-Hand Dwelling house /Apartment,,316825.76,234294.15,XY,2016,6,Q2,Q2_2016
4677,68106,"11 STEWART HOUSE, 185 188 PARNELL ST, DUBLIN 1",Dublin 15,Dublin,20160624,110000,No,No,Second-Hand Dwelling house /Apartment,,315563.2,234792.8,XY,2016,6,Q2,Q2_2016
4731,68179,"APT 3, TEMPLE BAR SQ, DUBLIN 2",Dublin 2,Dublin,20160624,220000,No,No,Second-Hand Dwelling house /Apartment,,315731.28,234176.48,XY,2016,6,Q2,Q2_2016
4807,68282,"15 ABBEYCOURT, IRISH LIFE CENTRE, DUBLIN 1",Dublin 1,Dublin,20160629,225000,No,No,Second-Hand Dwelling house /Apartment,,316155.06,234625.27,XY,2016,6,Q2,Q2_2016
4880,68371,"28 HAPENNY BRIDGE HOUSE, LOWER ORMOND QUAY, DUBLIN 1",Dublin 1,Dublin,20160630,290000,No,No,Second-Hand Dwelling house /Apartment,,315563.25,234279.3,XY,2016,6,Q2,Q2_2016
5026,68561,"141 IVY EXCHANGE, PARNELL ST, DUBLIN 1",Dublin 1,Dublin,20160705,183000,No,No,Second-Hand Dwelling house /Apartment,,315639,234889.88,XY,2016,7,Q3,Q3_2016
5094,68652,"66 HYDE COURT, TOWNSEND ST, DUBLIN 2",Dublin 2,Dublin,20160706,272500,No,No,Second-Hand Dwelling house /Apartment,,316470.97,234205.45,XY,2016,7,Q3,Q3_2016
5508,69210,"8 ARANMORE, CUSTOM HOUSE HARBOUR, I F S C DUBLIN 1",Dublin 1,Dublin,20160719,31292,Yes,No,Second-Hand Dwelling house /Apartment,,316700.66,234833.67,XY,2016,7,Q3,Q3_2016
5510,69212,"88 BACHELORS WALK, DUBLIN 1, DUBLIN",Dublin 1,Dublin,20160719,200000,No,No,Second-Hand Dwelling house /Apartment,,315728.03,234330.38,XY,2016,7,Q3,Q3_2016
5575,69307,"35 CUSTOM HALL, GARDINER ST, DUBLIN 1",Dublin 1,Dublin,20160721,155000,No,No,Second-Hand Dwelling house /Apartment,,316210.86,234906.18,XY,2016,7,Q3,Q3_2016
5638,69401,"60 IVY EXCHANGE, PARNELL ST, DUBLIN",Dublin 1,Dublin,20160722,285000,No,No,Second-Hand Dwelling house /Apartment,,315639,234889.88,XY,2016,7,Q3,Q3_2016
5668,69447,"33 MALTON HOUSE, CUSTOM HOUSE SQ, MAYOR ST LOWER",Dublin 1,Dublin,20160725,287000,No,No,Second-Hand Dwelling house /Apartment,,316891.69,234664.36,XY,2016,7,Q3,Q3_2016
5696,69486,"112 IVY EXCHANGE, PARNELL ST, DUBLIN 1",Dublin 1,Dublin,20160726,312500,No,No,Second-Hand Dwelling house /Apartment,,315639,234889.88,XY,2016,7,Q3,Q3_2016
6078,69983,"47 MILLENIUM TOWER, CHARLOTTE QUAY DOCK, RINGSEND RD DUBLIN 4",Dublin 4,Dublin,20160805,540000,No,No,Second-Hand Dwelling house /Apartment,,315576.91,234390.92,XY,2016,8,Q3,Q3_2016
6200,70140,"4 TALBOT HALL, APPLEWOOD VILLAGE, SWORDS",,Dublin,20160810,133000,No,No,Second-Hand Dwelling house /Apartment,,316198.38,234678.38,XY,2016,8,Q3,Q3_2016
6376,70382,"65 IVY EXCHANGE, PARNELL ST, DUBLIN 1",Dublin 1,Dublin,20160816,312000,No,No,Second-Hand Dwelling house /Apartment,,315639,234889.88,XY,2016,8,Q3,Q3_2016
6560,70636,"87 GREEG COURT, PARNELL ST, DUBLIN 1",Dublin 1,Dublin,20160822,255000,No,No,Second-Hand Dwelling house /Apartment,,315637.31,234795.3,XY,2016,8,Q3,Q3_2016
6634,70734,"APT 139, IVY EXCHANGE, BLOCK 4",Dublin 1,Dublin,20160824,250000,No,No,Second-Hand Dwelling house /Apartment,,315639,234889.88,XY,2016,8,Q3,Q3_2016
6773,70926,"83 BACHELORS WALK APTS, DUBLIN 1, DUBLIN",Dublin 1,Dublin,20160826,190500,No,No,Second-Hand Dwelling house /Apartment,,315728.03,234330.38,XY,2016,8,Q3,Q3_2016
7331,71675,"APT 10, TRINITY SQ, TOWNSEND ST DUBLIN 2",Dublin 2,Dublin,20160913,230000,No,No,Second-Hand Dwelling house /Apartment,,316737.48,234212.79,XY,2016,9,Q3,Q3_2016
7401,71771,"23 GEORGES QUAY, DUBLIN 2",Dublin 2,Dublin,20160915,304500,No,No,Second-Hand Dwelling house /Apartment,,316217.3,234408.2,XY,2016,9,Q3,Q3_2016
7842,72361,"93 IVY EXCHANGE, PARNELL ST, DUBLIN 1",Dublin 1,Dublin,20160928,295000,No,No,Second-Hand Dwelling house /Apartment,,315639,234889.88,XY,2016,9,Q3,Q3_2016
8115,72763,"3 MARLBOROUGH COURT, MARLBOROUGH ST, DUBLIN 1",Dublin 1,Dublin,20161006,189000,No,No,Second-Hand Dwelling house /Apartment,,316023.42,234887.86,XY,2016,10,Q4,Q4_2016
8441,73218,"21 EDEN QUAY, DUBLIN 1",,Dublin,20161017,130000,No,No,Second-Hand Dwelling house /Apartment,,316145.88,234508.39,XY,2016,10,Q4,Q4_2016
8680,73552,"75 KINGS COURT, PARNELL ST, DUBLIN 1",Dublin 1,Dublin,20161024,245000,No,No,Second-Hand Dwelling house /Apartment,,315598.53,234771.69,XY,2016,10,Q4,Q4_2016
8697,73575,"21 PEARSE SQUARE, PEARSE STREET, DUBLIN 2",,Dublin,20161025,615000,No,No,Second-Hand Dwelling house /Apartment,,316752.89,234100.01,XY,2016,10,Q4,Q4_2016
8878,73812,"22 MELLOR COURT, LIFFEY ST, DUBLIN 1",Dublin 1,Dublin,20161028,163000,No,No,Second-Hand Dwelling house /Apartment,,315680.48,234429.77,XY,2016,10,Q4,Q4_2016
8942,73885,"71 TOWNSEND ST, 71 TOWNSEND ST, DUBLIN 2",Dublin 2,Dublin,20161028,400000,No,No,Second-Hand Dwelling house /Apartment,,316663.71,234233.17,XY,2016,10,Q4,Q4_2016
9588,74582,"APT 58 BLOCK 3, IVY EXCHANGE, PARNELL ST DUBLIN 1",Dublin 1,Dublin,20161115,286000,No,No,Second-Hand Dwelling house /Apartment,,315639,234889.88,XY,2016,11,Q4,Q4_2016
9589,74582,"APT 58 BLOCK 3, IVY EXCHANGE, PARNELL ST DUBLIN 1",Dublin 1,Dublin,20161115,286000,No,No,Second-Hand Dwelling house /Apartment,,315639,234889.88,XY,2016,11,Q4,Q4_2016
10026,74896,"76 BACHELORS WALK APTS, BACHELORS WALK, DUBLIN 1",Dublin 1,Dublin,20161122,280000,No,No,Second-Hand Dwelling house /Apartment,,315728.03,234330.38,XY,2016,11,Q4,Q4_2016
10027,74896,"76 BACHELORS WALK APTS, BACHELORS WALK, DUBLIN 1",Dublin 1,Dublin,20161122,280000,No,No,Second-Hand Dwelling house /Apartment,,315728.03,234330.38,XY,2016,11,Q4,Q4_2016
10264,75070,"20 HYDE COURT, TOWNSEND ST, DUBLIN 2",Dublin 2,Dublin,20161125,471000,No,No,Second-Hand Dwelling house /Apartment,,316470.97,234205.45,XY,2016,11,Q4,Q4_2016
10265,75070,"20 HYDE COURT, TOWNSEND ST, DUBLIN 2",Dublin 2,Dublin,20161125,471000,No,No,Second-Hand Dwelling house /Apartment,,316470.97,234205.45,XY,2016,11,Q4,Q4_2016
10518,75232,"13 TRINITY SQ, TOWNSEND ST, DUBLIN",Dublin 2,Dublin,20161129,286000,No,No,Second-Hand Dwelling house /Apartment,,316737.48,234212.79,XY,2016,11,Q4,Q4_2016
10519,75232,"13 TRINITY SQ, TOWNSEND ST, DUBLIN",Dublin 2,Dublin,20161129,286000,No,No,Second-Hand Dwelling house /Apartment,,316737.48,234212.79,XY,2016,11,Q4,Q4_2016
10572,75266,"6 COLLEGE GATE, TOWNSEND ST, DUBLIN 2",Dublin 2,Dublin,20161129,277000,No,No,Second-Hand Dwelling house /Apartment,,316301,234263.86,XY,2016,11,Q4,Q4_2016
10573,75266,"6 COLLEGE GATE, TOWNSEND ST, DUBLIN 2",Dublin 2,Dublin,20161129,277000,No,No,Second-Hand Dwelling house /Apartment,,316301,234263.86,XY,2016,11,Q4,Q4_2016
10588,75274,"81 KINGS COURT, PARNELL ST, DUBLIN 1",Dublin 1,Dublin,20161129,180000,No,No,Second-Hand Dwelling house /Apartment,,315598.53,234771.69,XY,2016,11,Q4,Q4_2016
10589,75274,"81 KINGS COURT, PARNELL ST, DUBLIN 1",Dublin 1,Dublin,20161129,180000,No,No,Second-Hand Dwelling house /Apartment,,315598.53,234771.69,XY,2016,11,Q4,Q4_2016
10815,75477,"APT 130, IVY EXCHANGE, PARNELL ST DUBLIN 1",Dublin 1,Dublin,20161201,325000,No,No,Second-Hand Dwelling house /Apartment,,315639,234889.88,XY,2016,12,Q4,Q4_2016
11240,76065,"APT 12, 68 JERVIS ST, DUBLIN 1",Dublin 1,Dublin,20161212,230000,No,No,Second-Hand Dwelling house /Apartment,,315516.1,234344.11,XY,2016,12,Q4,Q4_2016
11247,76080,"132 CUSTOM HOUSE HARBOUR, IFSC, DUBLIN 1",Dublin 1,Dublin,20161213,327000,No,No,Second-Hand Dwelling house /Apartment,,316840.91,234823.91,XY,2016,12,Q4,Q4_2016
11468,76402,"APT 1, EXCHEQUER CHAMBERS, EXCHEQUER ST DUBLIN 2",Dublin 2,Dublin,20161215,996880,No,No,Second-Hand Dwelling house /Apartment,,315744.59,233921.97,XY,2016,12,Q4,Q4_2016
11990,77356,"APT 58 BLOCK 3, IVY EXCHANGE, PARNELL ST DUBLIN 1",Dublin 1,Dublin,20161222,270000,No,No,Second-Hand Dwelling house /Apartment,,315639,234889.88,XY,2016,12,Q4,Q4_2016
12071,77474,"67 MARLBOROUGH COURT, MARLBOROUGH ST, DUBLIN 1",Dublin 1,Dublin,20170104,206000,No,No,Second-Hand Dwelling house /Apartment,,316023.42,234887.86,XY,2017,1,Q1,Q1_2017
12276,77756,"56 CUSTOM HOUSE HARBOUR, IFSC, DUBLIN 1",Dublin 1,Dublin,20170113,331000,No,No,Second-Hand Dwelling house /Apartment,,316757.56,234827.91,XY,2017,1,Q1,Q1_2017
12394,77919,"145 PEARSE STREET, DUBLIN 2",,Dublin,20170119,562500,No,No,Second-Hand Dwelling house /Apartment,,316890.17,233963.34,XY,2017,1,Q1,Q1_2017
12776,78447,"1 THE FRIARY, CECILIA ST, TEMPLE BAR DUBLIN 2",Dublin 2,Dublin,20170201,380548,No,No,Second-Hand Dwelling house /Apartment,,315654.78,234138.22,XY,2017,2,Q1,Q1_2017
12817,78500,"126 WESTLAND SQ, DUBLIN 2",Dublin 2,Dublin,20170202,200000,No,No,Second-Hand Dwelling house /Apartment,,316803.66,234056.95,XY,2017,2,Q1,Q1_2017
12930,78649,"23 MOLAND HOUSE 10A TALBOT ST, DUBLIN 1, DUBLIN",Dublin 1,Dublin,20170204,260000,No,No,Second-Hand Dwelling house /Apartment,,316178.61,234767.72,XY,2017,2,Q1,Q1_2017
13147,78933,"108 TOWNSEND STREET, DUBLIN",,Dublin,20170213,238500,No,No,Second-Hand Dwelling house /Apartment,,316724.98,234180.24,XY,2017,2,Q1,Q1_2017
13219,79025,"11 LAFAYETTE BUILDING, 1-5 DOLIER STREET, DUBLIN 2",,Dublin,20170215,320000,No,No,Second-Hand Dwelling house /Apartment,,316025.06,234304.8,XY,2017,2,Q1,Q1_2017
13488,79437,"60 CUSTOM HOUSE HARBOUR APTS, CUSTOM HOUSE HARBOUR, DUBLIN 1",Dublin 1,Dublin,20170223,266650,No,No,Second-Hand Dwelling house /Apartment,,316757.56,234827.91,XY,2017,2,Q1,Q1_2017
13639,79639,"133 IVY EXCHANGE PARNELL ST, DUBLIN 1, DUBLIN",Dublin 1,Dublin,20170301,195000,No,No,Second-Hand Dwelling house /Apartment,,315639,234889.88,XY,2017,3,Q1,Q1_2017
13667,79674,"APT 1, ASTON HOUSE, ASTON PLACE DUBLIN 2",Dublin 2,Dublin,20170301,305000,No,No,Second-Hand Dwelling house /Apartment,,315877.79,234281.63,XY,2017,3,Q1,Q1_2017
13684,79698,"226 CUSTOM HOUSE HARBOUR, IFSC, DUBLIN 1",Dublin 1,Dublin,20170302,393000,No,No,Second-Hand Dwelling house /Apartment,,316750.99,234792.43,XY,2017,3,Q1,Q1_2017
13864,80013,"85 TRINITY SQUARE, TOWNSEND STREET, DUBLIN 2",,Dublin,20170308,196000,No,No,Second-Hand Dwelling house /Apartment,,316737.48,234212.79,XY,2017,3,Q1,Q1_2017
13927,80099,"23 THE BAILY, CUSTOM HOUSE HARBOUR, BAILY DUBLIN 1",Dublin 1,Dublin,20170310,316000,No,No,Second-Hand Dwelling house /Apartment,,316720.08,234831.98,XY,2017,3,Q1,Q1_2017
14001,80202,"144 CUSTOM HOUSE HARBOUR, IFSC, DUBLIN 1",Dublin 1,Dublin,20170314,320000,No,No,Second-Hand Dwelling house /Apartment,,316857.47,234813.42,XY,2017,3,Q1,Q1_2017
14004,80205,"174 BACHELOR'S WALK, DUBLIN 1",Dublin 1,Dublin,20170314,236000,No,No,Second-Hand Dwelling house /Apartment,,315718.91,234365.77,XY,2017,3,Q1,Q1_2017
14252,80532,"21 TALBOT HALL, RIVERBANK, SWORDS",,Dublin,20170322,170000,No,No,Second-Hand Dwelling house /Apartment,,316198.38,234678.38,XY,2017,3,Q1,Q1_2017
14276,80574,"122 IVY EXCHANGE, PARNELL ST, DUBLIN 1",Dublin 1,Dublin,20170323,311000,No,No,Second-Hand Dwelling house /Apartment,,315639,234889.88,XY,2017,3,Q1,Q1_2017
14389,80733,"33 IVY EXCHANGE, PARNELL ST, DUBLIN 1",Dublin 1,Dublin,20170327,360000,No,No,Second-Hand Dwelling house /Apartment,,315639,234889.88,XY,2017,3,Q1,Q1_2017
14522,80929,"138 KINGS COURT, PARNELL ST, DUBLIN 1",Dublin 1,Dublin,20170331,330000,No,No,Second-Hand Dwelling house /Apartment,,315515.44,234717.22,XY,2017,3,Q1,Q1_2017
14626,81070,"92 TOWNSEND ST, DUBLIN 2, DUBLIN",Dublin 15,Dublin,20170403,180000,No,No,Second-Hand Dwelling house /Apartment,,316814.47,234189.94,XY,2017,4,Q2,Q2_2017
14662,81127,"143 IVY EXCHANGE, PARNELL ST, DUBLIN 1",Dublin 1,Dublin,20170405,77935.67,Yes,No,Second-Hand Dwelling house /Apartment,,315639,234889.88,XY,2017,4,Q2,Q2_2017
14695,81169,"8 ASTON HOUSE, ASTON PLACE, DUBLIN",Dublin 2,Dublin,20170405,330000,No,No,Second-Hand Dwelling house /Apartment,,315877.79,234281.63,XY,2017,4,Q2,Q2_2017
14761,81269,"160 BACHELORS WALK, DUBLIN 1, DUBLIN",Dublin 1,Dublin,20170407,72500,No,No,Second-Hand Dwelling house /Apartment,,315845.25,234384.36,XY,2017,4,Q2,Q2_2017
14930,81552,"APT 10 COLLEGE CLOSE, TARA ST, DUBLIN 2",Dublin 2,Dublin,20170412,200000,No,No,Second-Hand Dwelling house /Apartment,,316241.75,234223.27,XY,2017,4,Q2,Q2_2017
14965,81618,"30 MALTON HOUSE, IFSC, DUBLIN 1",,Dublin,20170413,235000,No,No,Second-Hand Dwelling house /Apartment,,316891.69,234664.36,XY,2017,4,Q2,Q2_2017
14999,81726,"APT 12, STEWART HOUSE, PARNELL ST DUBLIN 1",Dublin 1,Dublin,20170413,120000,No,No,Second-Hand Dwelling house /Apartment,,315563.2,234792.8,XY,2017,4,Q2,Q2_2017
15000,81727,"APT 16, STEWART HOUSE, PARNELL ST DUBLIN 1",Dublin 1,Dublin,20170413,120000,No,No,Second-Hand Dwelling house /Apartment,,315563.2,234792.8,XY,2017,4,Q2,Q2_2017
15198,81999,"70 TOWNSEND ST, DUBLIN 2, DUBLIN",Dublin 2,Dublin,20170425,380000,No,No,Second-Hand Dwelling house /Apartment,,316659.35,234234.26,XY,2017,4,Q2,Q2_2017
15311,82154,"16 PUDDING ROW, TEMPLE BAR, DUBLIN",Dublin 8,Dublin,20170428,330000,No,No,Second-Hand Dwelling house /Apartment,,315749.13,234206.58,XY,2017,4,Q2,Q2_2017
15388,82261,"22 SPRANGERS YARD, CROWE ST, TEMPLE BAR DUBLIN 2",Dublin 2,Dublin,20170502,285000,No,No,Second-Hand Dwelling house /Apartment,,315694.13,234125.11,XY,2017,5,Q2,Q2_2017
15620,82590,"72 IVY EXCHANGE, PARNELL ST, DUBLIN 1",Dublin 1,Dublin,20170510,360000,No,No,Second-Hand Dwelling house /Apartment,,315639,234889.88,XY,2017,5,Q2,Q2_2017
15723,82736,"79 KINGS COURT, PARNELL ST, DUBLIN 1",Dublin 1,Dublin,20170512,220000,No,No,Second-Hand Dwelling house /Apartment,,315598.53,234771.69,XY,2017,5,Q2,Q2_2017
15726,82740,"82 KINGS COURT, PARNELL ST, DUBLIN 1",Dublin 1,Dublin,20170512,180000,No,No,Second-Hand Dwelling house /Apartment,,315515.44,234717.22,XY,2017,5,Q2,Q2_2017
15829,82888,"2A LOMBARD ST EAST, DUBLIN 2, DUBLIN",Dublin 2,Dublin,20170517,175000,Yes,No,Second-Hand Dwelling house /Apartment,,316697.53,234263.08,XY,2017,5,Q2,Q2_2017
15995,83135,"165 IVY EXCHANGE, PARNELL ST, DUBLIN",Dublin 1,Dublin,20170524,339000,No,No,Second-Hand Dwelling house /Apartment,,315639,234889.88,XY,2017,5,Q2,Q2_2017
15996,83138,"18 CUSTOM HALL, GARDINER ST LOWER, DUBLIN 1",Dublin 1,Dublin,20170524,212000,No,No,Second-Hand Dwelling house /Apartment,,316220.61,234876.36,XY,2017,5,Q2,Q2_2017
16218,83435,"99 IVY EXCHANGE, PARNELL ST, DUBLIN",Dublin 1,Dublin,20170530,322000,No,No,Second-Hand Dwelling house /Apartment,,315639,234889.88,XY,2017,5,Q2,Q2_2017
16327,83590,"66 IVY EXCHANGE, PARNELL ST, DUBLIN",Dublin 1,Dublin,20170601,359000,No,No,Second-Hand Dwelling house /Apartment,,315639,234889.88,XY,2017,6,Q2,Q2_2017
16374,83654,"330 CUSTOM HOUSE HARBOUR, IFSC, DUBLIN 1",Dublin 1,Dublin,20170602,528000,No,No,Second-Hand Dwelling house /Apartment,,316790.38,234754.44,XY,2017,6,Q2,Q2_2017
16627,83996,"87 BACHELORS WALK, DUBLIN 1, DUBLIN",Dublin 1,Dublin,20170612,240000,No,No,Second-Hand Dwelling house /Apartment,,315728.03,234330.38,XY,2017,6,Q2,Q2_2017
16891,84372,"5 MAGENNIS SQ, DUBLIN 2, DUBLIN",Dublin 2,Dublin,20170620,411000,No,No,Second-Hand Dwelling house /Apartment,,316709.76,234151.61,XY,2017,6,Q2,Q2_2017
17159,84735,"4 ASTON COURT, BEDFORD ROW, TEMPLE BAR DUBLIN 1",Dublin 2,Dublin,20170628,311000,No,No,Second-Hand Dwelling house /Apartment,,315817.59,234257.36,XY,2017,6,Q2,Q2_2017
17606,85375,"4 THE GREEN BUILDING, 23 TEMPLE LANE SOUTH, TEMPLE BAR",Dublin 2,Dublin,20170710,400000,No,No,Second-Hand Dwelling house /Apartment,,315661.72,234201.81,XY,2017,7,Q3,Q3_2017
17611,85385,"70 GREGG COURT, PARNELL ST, DUBLIN 1",Dublin 1,Dublin,20170710,310000,No,No,Second-Hand Dwelling house /Apartment,,315750.22,234909.66,XY,2017,7,Q3,Q3_2017
18928,87218,"17 THE BROKERAGE, TOWNSEND ST, DUBLIN 2",Dublin 2,Dublin,20170815,502028,No,No,Second-Hand Dwelling house /Apartment,,316231.7,234262.9,XY,2017,8,Q3,Q3_2017
19252,87655,"APT 9, 2 4 GEORGES QUAY, DUBLIN 2",Dublin 2,Dublin,20170823,345000,No,No,Second-Hand Dwelling house /Apartment,,316217.3,234408.2,XY,2017,8,Q3,Q3_2017
19630,88153,"117 BACHELORS WALK, DUBLIN 1, DUBLIN",Dublin 1,Dublin,20170901,200000,No,No,Second-Hand Dwelling house /Apartment,,315784.25,234353.66,XY,2017,9,Q3,Q3_2017
19810,88409,"23 HYDE COURT, TOWNSEND STREET, DUBLIN 2",,Dublin,20170906,355000,No,No,Second-Hand Dwelling house /Apartment,,316470.97,234205.45,XY,2017,9,Q3,Q3_2017
19898,88532,"153 CUSTOM HOUSE HARBOUR, IFSC, DUBLIN 1",Dublin 1,Dublin,20170908,362000,No,No,Second-Hand Dwelling house /Apartment,,316849.59,234783.92,XY,2017,9,Q3,Q3_2017
20090,88809,"29 AMIENS SQ, DUBLIN 1, DUBLIN",Dublin 1,Dublin,20170914,240000,No,No,Second-Hand Dwelling house /Apartment,,316503.94,234801.41,XY,2017,9,Q3,Q3_2017
20300,89103,"19 ERNE TERRACE FRONT, DUBLIN 2",Dublin 2,Dublin,20170920,292000,No,No,Second-Hand Dwelling house /Apartment,,316892.59,233933.91,XY,2017,9,Q3,Q3_2017
20303,89107,"201 TUSKAR ROCK, CUSTOM HOUSE HARBOUR, I F S C DUBLIN 1",Dublin 1,Dublin,20170920,377000,No,No,Second-Hand Dwelling house /Apartment,,316846.03,234736.09,XY,2017,9,Q3,Q3_2017
20392,89232,"102 IVY EXCHANGE, PARNELL ST, DUBLIN 1",Dublin 1,Dublin,20170922,345000,No,No,Second-Hand Dwelling house /Apartment,,315639,234889.88,XY,2017,9,Q3,Q3_2017
20507,89385,"82 TRINITY SQ, TOWNSEND ST, DUBLIN 2",Dublin 2,Dublin,20170925,200000,No,No,Second-Hand Dwelling house /Apartment,,316737.48,234212.79,XY,2017,9,Q3,Q3_2017
20538,89443,"63 HYDE COURT, TOWNSEND STREET, DUBLIN 2",,Dublin,20170926,350000,No,No,Second-Hand Dwelling house /Apartment,,316470.97,234205.45,XY,2017,9,Q3,Q3_2017
20595,89523,"21 MALTON HOUSE, CUSTOM HOUSE SQ, MAYOR ST LOWER DUBLIN 1",Dublin 1,Dublin,20170928,307500,No,No,Second-Hand Dwelling house /Apartment,,316891.69,234664.36,XY,2017,9,Q3,Q3_2017
20742,89733,"30 QUARTIER BLOOM, ORMOND QUAY LOWER, DUBLIN",Dublin 1,Dublin,20171002,321000,No,No,Second-Hand Dwelling house /Apartment,,315596.59,234301.5,XY,2017,10,Q4,Q4_2017
20815,89836,"108 TOWNSEND STREET, DUBLIN",,Dublin,20171004,462000,No,No,Second-Hand Dwelling house /Apartment,,316724.98,234180.24,XY,2017,10,Q4,Q4_2017
20891,89932,"62 HA'PENNY BRIDGE HOUSE, ORMOND QUAY, DUBLIN 1",,Dublin,20171005,295000,No,No,Second-Hand Dwelling house /Apartment,,315563.25,234279.3,XY,2017,10,Q4,Q4_2017
20934,89998,"26 COLLEGE CLOSE, TARA ST, DUBLIN 2",Dublin 2,Dublin,20171006,319000,No,No,Second-Hand Dwelling house /Apartment,,316241.75,234223.27,XY,2017,10,Q4,Q4_2017
21110,90261,"105 CUSTOM HOUSE HARBOUR, IFSC, DUBLIN 1",Dublin 1,Dublin,20171012,375000,No,No,Second-Hand Dwelling house /Apartment,,316819.97,234825.36,XY,2017,10,Q4,Q4_2017
21128,90287,"332 CUSTOM HOUSE HARBOUR, IFSC, DUBLIN 1",Dublin 1,Dublin,20171012,486000,No,No,Second-Hand Dwelling house /Apartment,,316790.38,234754.44,XY,2017,10,Q4,Q4_2017
21496,90792,"198 TUSKAR ROCK, CUSTOM HOUSE HARBOUR, I F S C DUBLIN 1",Dublin 1,Dublin,20171020,347000,No,No,Second-Hand Dwelling house /Apartment,,316846.03,234736.09,XY,2017,10,Q4,Q4_2017
21665,91021,"233 ASGARD HOUSE, IFSC, DUBLIN 1",Dublin 1,Dublin,20171025,341000,No,No,Second-Hand Dwelling house /Apartment,,316600,234850,XY,2017,10,Q4,Q4_2017
22333,91938,"91 MARLBOROUGH COURT, MARLBOROUGH ST, DUBLIN 1",Dublin 1,Dublin,20171110,210000,No,No,Second-Hand Dwelling house /Apartment,,316015.87,234848.98,XY,2017,11,Q4,Q4_2017
22350,91966,"140 THE KISH, CUSTOM HOUSE HARBOUR, IFSC",Dublin 1,Dublin,20171113,321000,No,No,Second-Hand Dwelling house /Apartment,,316857.47,234813.42,XY,2017,11,Q4,Q4_2017
22368,91992,"52 KINGSCOURT, PARNELL STREET, DUBLIN1",,Dublin,20171113,345000,No,No,Second-Hand Dwelling house /Apartment,,315598.53,234771.69,XY,2017,11,Q4,Q4_2017
22459,92119,"43 IVY EXCHANGE, PARNELL STREET, DUBLIN 1",,Dublin,20171115,366000,No,No,Second-Hand Dwelling house /Apartment,,315639,234889.88,XY,2017,11,Q4,Q4_2017
22552,92247,"22 MARLBOROUGH COURT, MARLBOROUGH ST, DUBLIN 1",Dublin 1,Dublin,20171117,241500,No,No,Second-Hand Dwelling house /Apartment,,316023.42,234887.86,XY,2017,11,Q4,Q4_2017
22852,92678,"3 FOWNES ST, TEMPLE BAR, DUBLIN 2",Dublin 2,Dublin,20171124,1040000,No,No,Second-Hand Dwelling house /Apartment,,315655.25,234199.73,XY,2017,11,Q4,Q4_2017
22902,92758,"113 KINGSCOURT, PARNELL ST, DUBLIN 1",Dublin 1,Dublin,20171127,230000,No,No,Second-Hand Dwelling house /Apartment,,315515.44,234717.22,XY,2017,11,Q4,Q4_2017
22920,92781,"53 TRINITY PLAZA APT, TARA ST, DUBLIN 2",Dublin 2,Dublin,20171127,300000,No,No,Second-Hand Dwelling house /Apartment,,316275.19,234227.13,XY,2017,11,Q4,Q4_2017
22924,92785,"7 ASTON COURT, BEDFORD ROW, DUBLIN",Dublin 2,Dublin,20171127,220000,No,No,Second-Hand Dwelling house /Apartment,,315817.59,234257.36,XY,2017,11,Q4,Q4_2017
22944,92809,"117 WESTLAND SQ, PEARSE ST, DUBLIN 2",Dublin 2,Dublin,20171128,312000,No,No,Second-Hand Dwelling house /Apartment,,316803.66,234056.95,XY,2017,11,Q4,Q4_2017
23076,92985,"274 CUSTOM HOUSE HARBOUR, IFSC, DUBLIN 1",Dublin 1,Dublin,20171130,400000,No,No,Second-Hand Dwelling house /Apartment,,316600,234850,XY,2017,11,Q4,Q4_2017
23152,93087,"317 BACHELORS WALK, DUBLIN 1, DUBLIN",Dublin 1,Dublin,20171201,205000,No,No,Second-Hand Dwelling house /Apartment,,315806.17,234415.94,XY,2017,12,Q4,Q4_2017
23189,93149,"10 TALBOT HALL, THORNLEIGHT RD, RIVER BANK APPLEWOOD",,Dublin,20171204,180000,No,No,Second-Hand Dwelling house /Apartment,,316198.38,234678.38,XY,2017,12,Q4,Q4_2017
23344,93379,"APT 128, IVY EXCHANGE, PARNELL ST DUBLIN 1",Dublin 1,Dublin,20171206,420000,No,No,Second-Hand Dwelling house /Apartment,,315639,234889.88,XY,2017,12,Q4,Q4_2017
24271,94921,"24 TALBOT HALL, RIVERBANK, SWORDS",,Dublin,20171221,167000,No,No,Second-Hand Dwelling house /Apartment,,316198.38,234678.38,XY,2017,12,Q4,Q4_2017
24373,95092,"50 HYDE COURT, TOWNSEND ST, DUBLIN 2",Dublin 2,Dublin,20171222,358000,No,No,Second-Hand Dwelling house /Apartment,,316470.97,234205.45,XY,2017,12,Q4,Q4_2017
24691,95550,"42 IVY EXCHANGE, PARNELL STREET, DUBLIN 1",,Dublin,20180116,297000,No,No,Second-Hand Dwelling house /Apartment,,315639,234889.88,XY,2018,1,Q1,Q1_2018
24803,95699,"356 BACHELORS WALK APTS, BACHELORS WALK, DUBLIN 1",Dublin 1,Dublin,20180119,225000,No,No,Second-Hand Dwelling house /Apartment,,315806.17,234415.94,XY,2018,1,Q1,Q1_2018
24818,95719,"62 BACHELORS WALK, DUBLIN 1, DUBLIN",Dublin 1,Dublin,20180119,260000,No,No,Second-Hand Dwelling house /Apartment,,315728.03,234330.38,XY,2018,1,Q1,Q1_2018
24929,95876,"6 MOLAND HOUSE, TALBOT ST, DUBLIN 1",Dublin 1,Dublin,20180124,246050,No,No,Second-Hand Dwelling house /Apartment,,316166.53,234760.19,XY,2018,1,Q1,Q1_2018
25010,95981,"220 ASGARD, CUSTOM HOUSE HARBOUR, I F S C",Dublin 1,Dublin,20180126,418000,No,No,Second-Hand Dwelling house /Apartment,,316600,234850,XY,2018,1,Q1,Q1_2018
25251,96366,"117 IVY EXCHANGE, PARNELL ST, DUBLIN 1",Dublin 1,Dublin,20180202,250500,No,No,Second-Hand Dwelling house /Apartment,,315639,234889.88,XY,2018,2,Q1,Q1_2018
25503,96771,"29 CUSTOM HALL, GARDINER ST, DUBLIN 1",Dublin 1,Dublin,20180212,326000,No,No,Second-Hand Dwelling house /Apartment,,316220.61,234876.36,XY,2018,2,Q1,Q1_2018
25512,96783,"57 MARLBOROUGH COURT, MARLBOROUGH ST, DUBLIN 1",Dublin 1,Dublin,20180212,355000,No,No,Second-Hand Dwelling house /Apartment,,316023.42,234887.86,XY,2018,2,Q1,Q1_2018
25923,97363,"APT 4, STEWART HOUSE, PARNELL ST DUBLIN 1",Dublin 1,Dublin,20180223,216666.66,No,No,Second-Hand Dwelling house /Apartment,,315563.2,234792.8,XY,2018,2,Q1,Q1_2018
25924,97364,"APT 5 and 9, STEWART HOUSE, PARNELL ST DUBLIN 1",Dublin 1,Dublin,20180223,433333.32,No,No,Second-Hand Dwelling house /Apartment,,315563.2,234792.8,XY,2018,2,Q1,Q1_2018
27023,98980,"78 IVY EXCHANGE, PARNELL ST, DUBLIN 1",Dublin 1,Dublin,20180329,397500,No,No,Second-Hand Dwelling house /Apartment,,315639,234889.88,XY,2018,3,Q1,Q1_2018
27480,99682,"14 LIBERTY CORNER, DUBLIN",,Dublin,20180420,230000,No,No,Second-Hand Dwelling house /Apartment,,316396.7,234898.88,XY,2018,4,Q2,Q2_2018
27524,99736,"46 CUSTOM HALL, LOWER GARDINER ST, DUBLIN 1",Dublin 1,Dublin,20180420,235500,No,No,Second-Hand Dwelling house /Apartment,,316210.86,234906.18,XY,2018,4,Q2,Q2_2018
27801,100101,"1 CUSTOM HOUSE HARBOUR, IFSC, DUBLIN 1",,Dublin,20180503,400000,No,No,Second-Hand Dwelling house /Apartment,,316700.66,234833.67,XY,2018,5,Q2,Q2_2018
27917,100274,"19 Sprangers Yard, Crow Street",Dublin 2,Dublin,20180511,395000,No,No,Second-Hand Dwelling house /Apartment,,315688.72,234079.21,XY,2018,5,Q2,Q2_2018
27987,100366,"4 OLYMPIA HOUSE, MT PLEASANT STREET, DUBLIN 8",,Dublin,20180514,415000,No,No,Second-Hand Dwelling house /Apartment,,315590.23,234049.56,XY,2018,5,Q2,Q2_2018
28066,100466,"26 MOLAND HOUSE, TALBOT ST, DUBLIN 1",Dublin 1,Dublin,20180516,292500,No,No,Second-Hand Dwelling house /Apartment,,316178.61,234767.72,XY,2018,5,Q2,Q2_2018
28084,100486,"61 CUSTOM HALL, LOWER GARDINER ST, DUBLIN 1",Dublin 1,Dublin,20180516,150000,Yes,No,Second-Hand Dwelling house /Apartment,,316210.86,234906.18,XY,2018,5,Q2,Q2_2018
28111,100529,"213 TUSKAR ROCK, CUSTOM HOUSE HARBOUR, DUBLIN 1",Dublin 1,Dublin,20180517,360000,No,No,Second-Hand Dwelling house /Apartment,,316846.03,234736.09,XY,2018,5,Q2,Q2_2018
28551,101190,"109 IVY EXCHANGE, PARNELL ST, DUBLIN",Dublin 1,Dublin,20180530,395000,No,No,Second-Hand Dwelling house /Apartment,,315639,234889.88,XY,2018,5,Q2,Q2_2018
28578,101227,"43 COLLEGE GATE, TOWNSEND ST, DUBLIN 2",Dublin 2,Dublin,20180530,260000,No,No,Second-Hand Dwelling house /Apartment,,316301,234263.86,XY,2018,5,Q2,Q2_2018
28592,101245,"94 IVY EXCHANGE, PARNELL ST, DUBLIN",Dublin 1,Dublin,20180530,390000,No,No,Second-Hand Dwelling house /Apartment,,315639,234889.88,XY,2018,5,Q2,Q2_2018
28835,101657,"7 SPRANGERS YARD, FOWNES ST, TEMPLE BAR DUBLIN 1",,Dublin,20180607,295000,No,No,Second-Hand Dwelling house /Apartment,,315694.13,234125.11,XY,2018,6,Q2,Q2_2018
28848,101672,"14 MALTON HOUSE, CUSTOM HOUSE SQ, MAYOR ST LOWER DUBLIN 1",Dublin 1,Dublin,20180608,240000,No,No,Second-Hand Dwelling house /Apartment,,316891.69,234664.36,XY,2018,6,Q2,Q2_2018
29488,102523,"200 BACHELORS WALK, DUBLIN 1",,Dublin,20180626,345000,No,No,Second-Hand Dwelling house /Apartment,,315718.91,234365.77,XY,2018,6,Q2,Q2_2018
29626,102726,"14 MOLAND HOUSE, TALBOT ST, DUBLIN 1",Dublin 1,Dublin,20180629,440000,No,No,Second-Hand Dwelling house /Apartment,,316166.53,234760.19,XY,2018,6,Q2,Q2_2018
30414,103814,"8 LIFFEY WALK, LIFFEY ST, DUBLIN 1",Dublin 1,Dublin,20180718,305000,No,No,Second-Hand Dwelling house /Apartment,,315698.4,234425.95,XY,2018,7,Q3,Q3_2018
30419,103820,"APT 4, STEWART HOUSE, PARNELL ST DUBLIN 1",Dublin 1,Dublin,20180718,216666.66,No,No,Second-Hand Dwelling house /Apartment,,315563.2,234792.8,XY,2018,7,Q3,Q3_2018
30420,103821,"APT 5, STEWART HOUSE, PARNELL ST DUBLIN 1",Dublin 1,Dublin,20180718,216666,No,No,Second-Hand Dwelling house /Apartment,,315563.2,234792.8,XY,2018,7,Q3,Q3_2018
30421,103824,"APT 8, STEWART HOUSE, PARNELL ST DUBLIN 1",Dublin 1,Dublin,20180718,216666,No,No,Second-Hand Dwelling house /Apartment,,315563.2,234792.8,XY,2018,7,Q3,Q3_2018
30570,104025,"142 BACHELORS WALK, DUBLIN 1, DUBLIN",Dublin 1,Dublin,20180723,284000,No,No,Second-Hand Dwelling house /Apartment,,315845.25,234384.36,XY,2018,7,Q3,Q3_2018
30789,104297,"55 CUSTOM HALL, GARDINER ST, DUBLIN 1",Dublin 1,Dublin,20180726,250000,No,No,Second-Hand Dwelling house /Apartment,,316210.86,234906.18,XY,2018,7,Q3,Q3_2018
30989,104557,"371 BACHELORS WALK, DUBLIN 1, DUBLIN",Dublin 1,Dublin,20180731,303000,No,No,Second-Hand Dwelling house /Apartment,,315759.13,234397.06,XY,2018,7,Q3,Q3_2018
31036,104629,"214 TUSKAR ROCK, CUSTOM HOUSE HARBOUR, I F S C DUBLIN 1",Dublin 1,Dublin,20180801,345000,No,No,Second-Hand Dwelling house /Apartment,,316846.03,234736.09,XY,2018,8,Q3,Q3_2018
31216,104871,"20 TRINITY SQ, TOWNSEND ST, DUBLIN 2",Dublin 2,Dublin,20180807,365000,No,No,Second-Hand Dwelling house /Apartment,,316737.48,234212.79,XY,2018,8,Q3,Q3_2018
31221,104876,"45 TOWNSEND STREET, DUBLIN 2, DUBLIN",,Dublin,20180807,435018,No,No,Second-Hand Dwelling house /Apartment,,316470.49,234247.55,XY,2018,8,Q3,Q3_2018
31270,104939,"15 CUSTOM HOUSE HARBOUR, IFSC DUBLIN 1, DUBLIN",Dublin 1,Dublin,20180809,285000,No,No,Second-Hand Dwelling house /Apartment,,316700.66,234833.67,XY,2018,8,Q3,Q3_2018
31287,104962,"4 ASTON COURT, BEDFORD ROW, TEMPLE BAR DUBLIN 1",Dublin 2,Dublin,20180809,350000,Yes,No,Second-Hand Dwelling house /Apartment,,315817.59,234257.36,XY,2018,8,Q3,Q3_2018
31690,105498,"59 TRINITY SQ, TOWNSEND ST, DUBLIN 2",Dublin 2,Dublin,20180821,355000,No,No,Second-Hand Dwelling house /Apartment,,316737.48,234212.79,XY,2018,8,Q3,Q3_2018
31702,105519,"11 MOLAND HOUSE, TALBOT ST, DUBLIN 1",Dublin 1,Dublin,20180822,325000,No,No,Second-Hand Dwelling house /Apartment,,316166.53,234760.19,XY,2018,8,Q3,Q3_2018
31727,105546,"31 KINGSCOURT, PARNELL STREET, DUBLIN 1",,Dublin,20180822,63333,Yes,No,Second-Hand Dwelling house /Apartment,,315598.53,234771.69,XY,2018,8,Q3,Q3_2018
31728,105547,"31 KINGSCOURT, PARNELL STREET, DUBLIN 1",,Dublin,20180822,63333,No,No,Second-Hand Dwelling house /Apartment,,315598.53,234771.69,XY,2018,8,Q3,Q3_2018
32526,106684,"12 SPRANGERS YARD, CECELIA ST, TEMPLE BAR DUBLIN 2",Dublin 2,Dublin,20180913,370000,No,No,Second-Hand Dwelling house /Apartment,,315694.13,234125.11,XY,2018,9,Q3,Q3_2018
32559,106726,"53 TRINITY PLAZA APT, TARA ST, DUBLIN 2",Dublin 2,Dublin,20180913,280000,No,No,Second-Hand Dwelling house /Apartment,,316275.19,234227.13,XY,2018,9,Q3,Q3_2018
32730,106960,"4 ASTON HOUSE, ASTON PLACE, DUBLIN 2",Dublin 2,Dublin,20180918,287000,No,No,Second-Hand Dwelling house /Apartment,,315877.79,234281.63,XY,2018,9,Q3,Q3_2018
32935,107268,"15 COLLEGE GATE, TOWNSEND ST, DUBLIN 2",Dublin 2,Dublin,20180924,275000,No,No,Second-Hand Dwelling house /Apartment,,316301,234263.86,XY,2018,9,Q3,Q3_2018
32938,107271,"2 PEARSE SQUARE, PEARSE ST, DUBLIN 2",Dublin 2,Dublin,20180924,640000,No,No,Second-Hand Dwelling house /Apartment,,316755,234040.8,XY,2018,9,Q3,Q3_2018
33151,107556,"246 CUSTOM HOUSE HARBOUR, IFSC, DUBLIN 1",Dublin 1,Dublin,20180928,375000,No,No,Second-Hand Dwelling house /Apartment,,316750.99,234792.43,XY,2018,9,Q3,Q3_2018
33218,107650,"10 MALTON HOUSE, CUSTOM HOUSE SQ, DUBLIN 1",Dublin 1,Dublin,20181001,322500,No,No,Second-Hand Dwelling house /Apartment,,316891.69,234664.36,XY,2018,10,Q4,Q4_2018
33598,108166,"62 IVY EXCHANGE, PARNELL ST, DUBLIN 1",Dublin 1,Dublin,20181010,260000,No,No,Second-Hand Dwelling house /Apartment,,315639,234889.88,XY,2018,10,Q4,Q4_2018
34333,109252,"89 GREEG COURT, DUBLIN 1, DUBLIN",Dublin 1,Dublin,20181030,250000,No,No,Second-Hand Dwelling house /Apartment,,315664.79,234812.3,XY,2018,10,Q4,Q4_2018
34598,109607,"APT 120, IVY EXCHANGE, PARNELL ST DUBLIN 1",Dublin 1,Dublin,20181106,415000,No,No,Second-Hand Dwelling house /Apartment,,315639,234889.88,XY,2018,11,Q4,Q4_2018
34738,109797,"2A LOMBARD ST EAST, DUBLIN 2, DUBLIN",Dublin 2,Dublin,20181109,500000,No,No,Second-Hand Dwelling house /Apartment,,316697.53,234263.08,XY,2018,11,Q4,Q4_2018
34873,109974,"230 ASGARD HOUSE, CUSTOM HOUSE HARBOUR, IFSC DUBLIN 1",Dublin 1,Dublin,20181114,375000,No,No,Second-Hand Dwelling house /Apartment,,316748.23,234768.62,XY,2018,11,Q4,Q4_2018
34895,110004,"APT 12, TRINITY PLAZA, TOWNSEND ST DUBLIN 2",Dublin 2,Dublin,20181114,280000,No,No,Second-Hand Dwelling house /Apartment,,316275.19,234227.13,XY,2018,11,Q4,Q4_2018
34998,110134,"55 TRINITY SQ, TOWNSEND ST, DUBLIN 2",Dublin 2,Dublin,20181116,205000,No,No,Second-Hand Dwelling house /Apartment,,316737.48,234212.79,XY,2018,11,Q4,Q4_2018
35178,110448,"10 MELLOR COURT, LIFFEY STREET, DUBLIN 1",,Dublin,20181123,205000,No,No,Second-Hand Dwelling house /Apartment,,315680.48,234429.77,XY,2018,11,Q4,Q4_2018
35455,110832,"27 AMIENS SQ, AMIENS ST, DUBLIN 1",Dublin 1,Dublin,20181130,261000,No,No,Second-Hand Dwelling house /Apartment,,316534.35,234792.06,XY,2018,11,Q4,Q4_2018
35975,111509,"11 2 GEORGES QUAY, DUBLIN 2",Dublin 2,Dublin,20181218,325000,No,No,Second-Hand Dwelling house /Apartment,,316217.3,234408.2,,2018,12,Q4,Q4_2018
36097,111667,"APT 1, TRINITY PLAZA, TARA ST DUBLIN 2",Dublin 2,Dublin,20181218,371000,No,No,Second-Hand Dwelling house /Apartment,,316275.19,234227.13,,2018,12,Q4,Q4_2018
36382,112113,"82 TRINITY SQ, TOWNSEND ST, DUBLIN 2",Dublin 2,Dublin,20181220,211407,Yes,No,Second-Hand Dwelling house /Apartment,,316737.48,234212.79,,2018,12,Q4,Q4_2018
36394,112126,"APARTMENT 1, SPENCER HOUSE, 70-72 TALBOT ST",Dublin 1,Dublin,20181220,330000,No,No,Second-Hand Dwelling house /Apartment,,316417.9,234810.8,,2018,12,Q4,Q4_2018
36451,112219,"31 HYDE COURT, TOWNSEND ST, DUBLIN 2",Dublin 2,Dublin,20181221,500000,No,No,Second-Hand Dwelling house /Apartment,,316470.97,234205.45,,2018,12,Q4,Q4_2018
36936,112864,"31 TRINITY PLAZA, TARA ST, DUBLIN 2",Dublin 2,Dublin,20190121,289100,No,No,Second-Hand Dwelling house /Apartment,,316275.19,234227.13,,2019,1,Q1,Q1_2019
37094,113074,"129 KINGS COURT, PARNELL ST, DUBLIN 1",Dublin 1,Dublin,20190125,260000,No,No,Second-Hand Dwelling house /Apartment,,315515.44,234717.22,,2019,1,Q1,Q1_2019
37246,113272,"149 PEARSE ST, DUBLIN 2",Dublin 2,Dublin,20190130,740000,No,No,Second-Hand Dwelling house /Apartment,,316866.61,233971.34,,2019,1,Q1,Q1_2019
37379,113473,"100 IVY EXCHANGE, PARNELL ST, DUBLIN 1",Dublin 1,Dublin,20190204,390000,No,No,Second-Hand Dwelling house /Apartment,,315639,234889.88,,2019,2,Q1,Q1_2019
37428,113539,"111 WESTLAND SQ, PEARSE ST, DUBLIN",Dublin 2,Dublin,20190205,545000,No,No,Second-Hand Dwelling house /Apartment,,316803.66,234056.95,,2019,2,Q1,Q1_2019
37544,113688,"151 KINGS COURT, PARNELL ST, DUBLIN",Dublin 1,Dublin,20190208,290000,No,No,Second-Hand Dwelling house /Apartment,,315515.44,234717.22,,2019,2,Q1,Q1_2019
37549,113695,"18 TRINITY PLAZA, TARA ST, DUBLIN 2",Dublin 2,Dublin,20190208,432000,No,No,Second-Hand Dwelling house /Apartment,,316275.19,234227.13,,2019,2,Q1,Q1_2019
37558,113707,"24 TRINITY PLAZA, TARA ST, DUBLIN 2",Dublin 2,Dublin,20190208,275000,No,No,Second-Hand Dwelling house /Apartment,,316275.19,234227.13,,2019,2,Q1,Q1_2019
37689,113885,"43 KINGS COURT, PARNELL ST, DUBLIN 1",Dublin 1,Dublin,20190213,326000,Yes,No,Second-Hand Dwelling house /Apartment,,315598.53,234771.69,,2019,2,Q1,Q1_2019
37792,114033,"110 BACHELORS WALK APTS, BACHELORS WALK, DUBLIN 1",Dublin 1,Dublin,20190215,233000,No,No,Second-Hand Dwelling house /Apartment,,315784.25,234353.66,,2019,2,Q1,Q1_2019
37821,114072,"32 COLLEGE GT, TOWNSEND ST, DUBLIN 2",Dublin 2,Dublin,20190215,330000,No,No,Second-Hand Dwelling house /Apartment,,316301,234263.86,,2019,2,Q1,Q1_2019
37900,114191,"16 AMIENS SQ, AMIENS ST, DUBLIN 1",Dublin 1,Dublin,20190219,270000,No,No,Second-Hand Dwelling house /Apartment,,316534.35,234792.06,,2019,2,Q1,Q1_2019
38047,114389,"31 AMIENS SQ, AMIENS ST, DUBLIN 1",Dublin 1,Dublin,20190222,250000,No,No,Second-Hand Dwelling house /Apartment,,316503.94,234801.41,,2019,2,Q1,Q1_2019
38094,114460,"22 GREEG COURT, PARNELL STREET, DUBLIN 1",,Dublin,20190225,255000,No,No,Second-Hand Dwelling house /Apartment,,315637.31,234795.3,,2019,2,Q1,Q1_2019
38423,114897,"APT 205, TUSKAR ROCK, CUSTOM HOUSE HARBOUR DUBLIN 1",Dublin 1,Dublin,20190305,320000,No,No,Second-Hand Dwelling house /Apartment,,316846.03,234736.09,,2019,3,Q1,Q1_2019
38638,115179,"49 GREEG COURT, PARNELL ST, DUBLIN 1",Dublin 1,Dublin,20190313,245000,No,No,Second-Hand Dwelling house /Apartment,,315637.31,234795.3,,2019,3,Q1,Q1_2019
38711,115291,"36 TALBOT HALL, APPELWOOD, SWORDS",,Dublin,20190315,145000,No,No,Second-Hand Dwelling house /Apartment,,316198.38,234678.38,,2019,3,Q1,Q1_2019
38799,115414,"APT 124, IVY EXCHANGE, PARNELL ST DUBLIN 1",Dublin 1,Dublin,20190320,415000,No,No,Second-Hand Dwelling house /Apartment,,315639,234889.88,,2019,3,Q1,Q1_2019
